seed,model,epoch,train_loss,train_cls_loss,train_rel_loss,train_acc,train_f1_macro,val_loss,val_cls_loss,val_rel_loss,val_acc,val_f1_macro,val_auc_macro_ovr,time_sec
2025,Prior Fusion,1,0.5547581206003552,0.5547581206003552,0.0,0.5448059360730594,0.4715733861036341,2.271664166685782,2.271664166685782,0.0,0.20105820105820105,0.3324772266156378,0.8241875457838079,107.58922386169434
2025,Prior Fusion,2,0.18660782394105713,0.18660782394105713,0.0,0.738013698630137,0.6994136874452801,1.3643617240221877,1.3643617240221877,0.0,0.5396825396825397,0.5076571686890929,0.8812884706043821,107.89396691322327
2025,Prior Fusion,3,0.13999869349650768,0.13999869349650768,0.0,0.8296232876712328,0.8222611721471543,1.27393517262719,1.27393517262719,0.0,0.5833333333333334,0.5267436780227922,0.897210226311148,109.97084641456604
2025,Prior Fusion,4,0.08240761953729235,0.08240761953729235,0.0,0.8732876712328768,0.8684417727414873,1.826693397485896,1.826693397485896,0.0,0.4728835978835979,0.49544575282087194,0.8860496340650924,111.67213726043701
2025,Prior Fusion,5,0.08275831433344785,0.08275831433344785,0.0,0.877568493150685,0.8699343026474337,1.3396731708394853,1.3396731708394853,0.0,0.5912698412698413,0.5053935114338396,0.8788723197816813,114.97260308265686
