seed,model,epoch,train_loss,train_cls_loss,train_rel_loss,train_acc,train_f1_macro,val_loss,val_cls_loss,val_rel_loss,val_acc,val_f1_macro,val_auc_macro_ovr,time_sec
42,RG-MF,1,0.6073691627886741,0.5888064383916115,0.0928136323872086,0.5311428571428571,0.4644328857612896,2.4310520853361357,2.395282748438742,0.17884672829962295,0.17598908594815826,0.2873613529458413,0.8103623604903106,108.34793591499329
42,RG-MF,2,0.28220860687292876,0.2648077383977637,0.08700434342196815,0.7102857142857143,0.6651297639410735,1.9944178332453188,1.9627527163728424,0.1583254062773093,0.2858117326057299,0.3722865366717195,0.8514168846716599,109.60672807693481
42,RG-MF,3,0.13205830191504464,0.11663550339622177,0.07711399253883046,0.8282857142857143,0.8155757248006191,1.7103262913777777,1.6824400288397041,0.13943127283583517,0.4945429740791269,0.46914894549209973,0.8616950853992575,108.08325266838074
42,RG-MF,4,0.12577082498475364,0.11147794685832578,0.07146439027704604,0.855,0.8501524146998979,1.262429473678703,1.2376739528516065,0.12377754679840544,0.6043656207366985,0.5103557467264394,0.880196317570409,108.07739162445068
42,RG-MF,5,0.11637574453842423,0.10378124118042625,0.06297251719930401,0.8627142857142858,0.8572782603752315,1.1244688103299425,1.1025276567139055,0.10970581306711487,0.635743519781719,0.5534255797703619,0.9171794116536454,108.70362257957458
42,RG-MF,6,0.0712897315191862,0.059323127741381085,0.05983301853871645,0.8985714285714286,0.8950706836776516,0.9848921636686377,0.965533069577878,0.09679538760658192,0.6657571623465212,0.5789072238139669,0.9165837382764849,108.06890845298767
