seed,model,epoch,train_loss,train_cls_loss,train_rel_loss,train_acc,train_f1_macro,val_loss,val_cls_loss,val_rel_loss,val_acc,val_f1_macro,val_auc_macro_ovr,time_sec
2025,RG-MF,1,0.657438793240889,0.6307944583974473,0.13322168067267767,0.5101312785388128,0.4391744622106278,2.145138591724007,2.094796806260159,0.25170924475318507,0.20767195767195767,0.3906997863049529,0.8766281737493316,127.29863214492798
2025,RG-MF,2,0.21364538460867863,0.1888549957449918,0.1239519430724181,0.7564212328767124,0.7218787348724786,1.7835029348338904,1.7362710677479443,0.23615950055812535,0.3353174603174603,0.4705717730209304,0.9090203949122363,128.2853307723999
2025,RG-MF,3,0.13533723763015854,0.11165408089280673,0.11841578232166974,0.8454623287671232,0.8378606126554383,1.3246752613469175,1.2805896555514713,0.22042802885959023,0.5952380952380952,0.5808924709504332,0.9197255396192265,127.40903615951538
2025,RG-MF,4,0.10538237574233857,0.08351656700884201,0.10932904094899898,0.8812785388127854,0.8749656224914025,1.5845340686801233,1.5441808319405506,0.2017661563659969,0.5701058201058201,0.5107041028199516,0.8463861694817899,128.4027316570282
2025,RG-MF,5,0.11832973080768025,0.09864149912904743,0.09844115704774312,0.872574200913242,0.8663971896155973,1.0354704274550866,0.999011899687742,0.18229257291869114,0.6408730158730159,0.6472643627233057,0.9337965978742789,128.3084363937378
2025,RG-MF,6,0.07726943448662213,0.05936521908016365,0.08952107522891808,0.9033961187214612,0.8979555870723327,1.4243361925608233,1.3915739595105774,0.16381124289412247,0.6031746031746031,0.5291161421634207,0.8953658362647231,130.21222138404846
