seed,model,epoch,train_loss,train_cls_loss,train_rel_loss,train_acc,train_f1_macro,val_loss,val_cls_loss,val_rel_loss,val_acc,val_f1_macro,val_auc_macro_ovr,time_sec
42,Prior Fusion,1,0.6142976661659267,0.6142976661659267,0.0,0.5238571428571429,0.46271041251368583,2.624869968580163,2.624869968580163,0.0,0.1800818553888131,0.3077965159995912,0.813010572677973,112.25289988517761
42,Prior Fusion,2,0.21716693291210964,0.21716693291210964,0.0,0.7274285714285714,0.6918529897758764,1.7504163309526832,1.7504163309526832,0.0,0.3894952251023192,0.4797490713591869,0.8686360360507261,112.17334055900574
42,Prior Fusion,3,0.138358299748028,0.138358299748028,0.0,0.8182857142857143,0.8102509557707804,1.4144090150037538,1.4144090150037538,0.0,0.5832196452933152,0.5283895693092081,0.880954288173428,110.45764899253845
42,Prior Fusion,4,0.08255983608536695,0.08255983608536695,0.0,0.8767142857142857,0.871600434317528,1.3170960637862268,1.3170960637862268,0.0,0.6002728512960437,0.5297566159973577,0.9115843560871275,112.0585720539093
42,Prior Fusion,5,0.08525032239921441,0.08525032239921441,0.0,0.8814285714285715,0.8741229582620236,1.2079322557572438,1.2079322557572438,0.0,0.6302864938608458,0.5705190060648475,0.924574617613071,109.6239378452301
42,Prior Fusion,6,0.06187270974849891,0.06187270974849891,0.0,0.9004285714285715,0.8942185520185201,1.222141150466126,1.222141150466126,0.0,0.645293315143247,0.5999379836022107,0.9237021825762222,108.3353340625763
