seed,model,epoch,train_loss,train_cls_loss,train_rel_loss,train_acc,train_f1_macro,val_loss,val_cls_loss,val_rel_loss,val_acc,val_f1_macro,val_auc_macro_ovr,time_sec
2025,ViT Image-Only,1,0.4313291584451993,0.4313291584451993,0.0,0.6255707762557078,0.5952188019700377,0.9801646979231583,0.9801646979231583,0.0,0.6256613756613757,0.5852381478457628,0.9323410502679994,105.42964148521423
2025,ViT Image-Only,2,0.13531077577260464,0.13531077577260464,0.0,0.8299086757990868,0.8239473143232722,0.9798068797509921,0.9798068797509921,0.0,0.625,0.6291198081413274,0.9456363771000282,104.25472092628479
2025,ViT Image-Only,3,0.09517041684344164,0.09517041684344164,0.0,0.8728595890410958,0.8686077469293432,1.1053386313349045,1.1053386313349045,0.0,0.621031746031746,0.5533635966231119,0.9289567517261939,104.52927613258362
2025,ViT Image-Only,4,0.056765073267679204,0.056765073267679204,0.0,0.8996860730593608,0.8979201775107748,1.0972372900889145,1.0972372900889145,0.0,0.6329365079365079,0.5889050671973834,0.945401241978604,105.91288208961487
