seed,model,epoch,train_loss,train_cls_loss,train_rel_loss,train_acc,train_f1_macro,val_loss,val_cls_loss,val_rel_loss,val_acc,val_f1_macro,val_auc_macro_ovr,time_sec
42,ViT Image-Only,1,0.4404805314101993,0.4404805314101993,0.0,0.632,0.5982346158819167,1.6240521408617496,1.6240521408617496,0.0,0.4392905866302865,0.43497422431100624,0.9060903625750775,131.89303278923035
42,ViT Image-Only,2,0.1516797937299699,0.1516797937299699,0.0,0.8212857142857143,0.8131926977838442,1.6144029260815487,1.6144029260815487,0.0,0.5136425648021828,0.5043042305673487,0.9227789926797728,121.7469470500946
42,ViT Image-Only,3,0.08109301915732489,0.08109301915732489,0.0,0.8751428571428571,0.8714247414840744,1.1240452432843007,1.1240452432843007,0.0,0.6152796725784447,0.5760687998779014,0.9456079063276643,116.61700129508972
42,ViT Image-Only,4,0.08147581935433361,0.08147581935433361,0.0,0.883,0.8772658729058875,1.2156453417695088,1.2156453417695088,0.0,0.6248294679399727,0.5541367631751954,0.9187465704643799,109.94674921035767
42,ViT Image-Only,5,0.08014193125421046,0.08014193125421046,0.0,0.8881428571428571,0.8836200478934456,1.2483250896709606,1.2483250896709606,0.0,0.630968622100955,0.5737240755844076,0.9276658798216956,108.24271774291992
