seed,model,epoch,train_loss,train_cls_loss,train_rel_loss,train_acc,train_f1_macro,val_loss,val_cls_loss,val_rel_loss,val_acc,val_f1_macro,val_auc_macro_ovr,time_sec
123,RG-MF,1,0.6274208542954058,0.6024012311585079,0.12509812130613834,0.516782325449653,0.444038762745906,2.532795976199534,2.4855043023176817,0.23645851307589075,0.16030013642564803,0.3480625731372,0.8183809195748973,110.7458963394165
123,RG-MF,2,0.22934695640873856,0.20641755261690234,0.11464701919938644,0.7469196997592409,0.7246452592930082,1.4478288013488054,1.4058990465355632,0.20964871184981387,0.5470668485675307,0.500005904759669,0.9143769306448396,108.82534265518188
123,RG-MF,3,0.1629176319774864,0.14264868978385675,0.10134471308996235,0.8293442855119671,0.824429363928804,1.464229738096828,1.4267552668512191,0.18737237625147984,0.5538881309686221,0.5660043611828326,0.9215508041394382,108.3806562423706
123,RG-MF,4,0.1537207850124434,0.13562049802152515,0.0905014308784747,0.8442147004673559,0.8388366549639095,1.5154110538246839,1.4815080430682586,0.16951511881273726,0.5600272851296043,0.5042049501921408,0.9161977505682144,108.2472972869873
123,RG-MF,5,0.08495606891220917,0.06828500116739118,0.08335533731393685,0.8837275173488175,0.879423141794139,1.1658809147775173,1.1353692596211382,0.1525582265432762,0.6466575716234653,0.6432961664491661,0.9445404626249642,109.42725729942322
123,RG-MF,6,0.08709935410310644,0.07209020087282633,0.0750457652174442,0.8942076193173771,0.8916851152088248,1.363500407451521,1.3359852025649794,0.1375760242504918,0.6186903137789904,0.5789102116632276,0.931576616361456,108.35966920852661
