seed,model,epoch,train_loss,train_cls_loss,train_rel_loss,train_acc,train_f1_macro,val_loss,val_cls_loss,val_rel_loss,val_acc,val_f1_macro,val_auc_macro_ovr,time_sec
123,Prior Fusion,1,0.5472098842381218,0.5472098842381218,0.0,0.5395836283812491,0.47921453907704803,2.007745308396609,2.007745308396609,0.0,0.1766712141882674,0.36803945622664674,0.8601800393280342,112.53992867469788
123,Prior Fusion,2,0.19154144110520502,0.19154144110520502,0.0,0.7615068687154793,0.744125562697301,1.762611728404527,1.762611728404527,0.0,0.3894952251023192,0.5048629258606712,0.9012745655808113,110.39711356163025
123,Prior Fusion,3,0.13765249250675826,0.13765249250675826,0.0,0.8323183685030449,0.8239703987251027,1.4911564691093466,1.4911564691093466,0.0,0.5661664392905866,0.4994295536995378,0.9162255326413563,109.61815071105957
123,Prior Fusion,4,0.0792361345043094,0.0792361345043094,0.0,0.8767879903696361,0.8726295247570758,1.1839136121713596,1.1839136121713596,0.0,0.6241473396998636,0.5803755004832346,0.9264591801429622,110.49305868148804
123,Prior Fusion,5,0.10439268402055715,0.10439268402055715,0.0,0.8664495114006515,0.8612441555085476,1.612902894616127,1.612902894616127,0.0,0.524556616643929,0.5244539319097673,0.924587219886923,108.6497323513031
123,Prior Fusion,6,0.059279991996767444,0.059279991996767444,0.0,0.902704999291885,0.9002470350741617,1.160168113976555,1.160168113976555,0.0,0.6323328785811733,0.600936987102278,0.9384234399626473,109.11383175849915
