seed,model,epoch,train_loss,train_cls_loss,train_rel_loss,train_acc,train_f1_macro,val_loss,val_cls_loss,val_rel_loss,val_acc,val_f1_macro,val_auc_macro_ovr,time_sec
123,ViT Image-Only,1,0.4002563084825469,0.4002563084825469,0.0,0.6385781050842657,0.6061341648048275,1.4045119693745738,1.4045119693745738,0.0,0.509549795361528,0.4340410882946041,0.9181738247700885,109.18656539916992
123,ViT Image-Only,2,0.14355078172907906,0.14355078172907906,0.0,0.8235377425293867,0.8164174655642261,1.5641277770552298,1.5641277770552298,0.0,0.524556616643929,0.47350285299744427,0.9171179303287199,106.2492151260376
123,ViT Image-Only,3,0.07259909886254706,0.07259909886254706,0.0,0.88103668035689,0.874703051417529,1.2395692321512362,1.2395692321512362,0.0,0.6145975443383356,0.6285682184664961,0.9377720803469739,105.96061682701111
123,ViT Image-Only,4,0.06871947081526741,0.06871947081526741,0.0,0.8937827503186517,0.8893149586401258,1.616927404159113,1.616927404159113,0.0,0.5361527967257844,0.4811319649419677,0.9169567927994545,106.82808995246887
123,ViT Image-Only,5,0.056618650845774526,0.056618650845774526,0.0,0.9076618042770146,0.9040974784893988,1.1256826300497935,1.1256826300497935,0.0,0.6371077762619373,0.615603111588807,0.9378671566833068,106.84011459350586
